km_cluster,crop_code,median_yield_kg_per_ha,avg_yield_kg_per_ha,n_obs,crop_pop_median,relative_yield_index
0,AVOCADO,0.0,0.0,3,726.1111259460449,0.0
0,BANANA,6784.08203125,52218.87115905764,15,3443.599853515625,1.9700552676943648
0,BEANS,1910.6178588867188,42874.62589913795,380,3261.956298828125,0.5857276075627127
0,CABBAGE,4341.8125,4341.8125,1,8989.87109375,0.4829671587859079
0,CASSAVA,4837.44873046875,35981.86119107998,582,3831.92041015625,1.2624084565137141
0,COTTON,0.0,2092.653931884766,25,992.1719360351562,0.0
0,COW PEAS (KHOBWE),1107.4164733886719,13580.733016693232,132,1221.1346435546875,0.9068749946893773
0,Chillies,96093.16570312499,96093.16570312499,1,49954.605678710934,1.9236097332277982
0,Cucumber,3174.9501953125,50029.45375279018,7,186.90838623046875,16.986665282089614
0,Eggplant,99997.25,99997.25,1,9692.7568359375,10.316698509266594
0,FINGER MILLET(MAWERE),1560.2969360351562,4502.718775699013,38,2165.478759765625,0.7205320897278304
0,GREEN PEA (NSAWAWA),3793.42529296875,31107.30793426516,16,869.8141479492188,4.361190608261084
0,GROUND BEAN(NZAMA),3663.40380859375,24785.892918009507,19,2442.269287109375,1.4999999500176688
0,GROUNDNUT/PEANUTS,2388.05078125,19564.438789428066,1137,2442.269287109375,0.9777999477184816
0,IRISH [MALAWI] POTATO,9958.353515625,33148.36827038335,51,7113.109375,1.4000000549162088
0,MAIZE,2985.063720703125,26132.94162920478,4082,3052.836669921875,0.977800008141122
0,MANGO,488.4538879394531,598.3559997558593,5,1567.631591796875,0.31158716786229723
0,NKHWANI,1357.3929443359375,16412.056758872666,120,1602.7392578125,0.8469206314872304
0,ONION,20.228857040405273,4597.343989181519,5,7494.7138671875,0.002699083300427111
0,"OTHER, PERMANENT CROP (SPECIFY)",879.2169799804688,2357.914335886637,6,897.7661437988281,0.979338534933084
0,"OTHER, TEMPORARY CROP (SPECIFY)",3193.267333984375,16349.406755530315,23,1623.1322021484375,1.9673488886226573
0,PAPRIKA,445.5105285644531,628.7825469970703,4,1433.0162963867188,0.31089006432640465
0,PEARL MILLET(MCHEWERE),846.6533813476562,3076.1466302173894,123,1113.1102294921875,0.7606195315749711
0,PIGEONPEA(NANDOLO),2442.269287109375,17611.47403590917,546,2442.269287109375,1.0
0,RICE,4463.48291015625,38203.54390277103,432,4884.53857421875,0.9137982723107382
0,SORGHUM,1186.7903442382812,6335.6154299885775,242,1397.6207885742188,0.8491504662355402
0,SOYABEAN,2442.269287109375,15265.569966061734,816,2900.19482421875,0.8421052498661946
0,SUGAR CANE,2594.9111328125,8674.700841712951,20,2170.90625,1.195312387539766
0,SUNFLOWER,1831.701904296875,14407.026409839445,42,1980.9323120117188,0.9246665790597892
0,SWEET POTATO,3059.620849609375,25539.573735682658,262,4579.25537109375,0.6681481161594593
0,Sesame,702.1524353027344,6204.368059555294,64,555.6162719726562,1.2637362703756265
0,TANAPOSI,3243.896728515625,9056.610758463541,6,3663.40380859375,0.8854870765013593
0,TEA,801.36962890625,35671.5504584961,10,1068.4927978515625,0.7500000285613325
0,THERERE/OKRA,5020.22021484375,14628.760977608817,14,1114.9879150390625,4.502488454924529
0,TOBACCO,3663.40380859375,30977.101230761382,194,3968.687744140625,0.9230768568281552
0,TOMATO,3663.40380859375,55644.59009148093,51,3847.7955322265625,0.9520786065453658
0,WHEAT,7632.091796875,10684.928515625,5,0.0,inf
1,BANANA,5379.09814453125,39805.63307342529,30,3443.599853515625,1.562056677125144
1,BEANS,3713.22607421875,51707.08241202889,537,3261.956298828125,1.1383432928125818
1,CABBAGE,2400.01220703125,29969.751591609074,13,8989.87109375,0.26696847841342275
1,CASSAVA,5747.880859375,39051.50182544961,401,3831.92041015625,1.5000000637123423
1,COFFEE,4613.17578125,24212.3822175036,19,5220.3505859375,0.8836907991729333
1,COTTON,1221.1346435546875,5578.147086620331,30,992.1719360351562,1.2307691834486822
1,COW PEAS (KHOBWE),1646.9501342773438,14412.30465090993,166,1221.1346435546875,1.3487047828592593
1,Chickpea,763.2091674804688,763.2091674804688,1,964.6964111328125,0.7911392212854367
1,Cucumber,0.0,19002.53120320638,15,186.90838623046875,0.0
1,Eggplant,20776.251953125,20776.251953125,1,9692.7568359375,2.143482221290604
1,FINGER MILLET(MAWERE),2442.269287109375,9389.710937799193,51,2165.478759765625,1.1278195531106052
1,GREEN PEA (NSAWAWA),88.28804016113281,11004.132301839192,15,869.8141479492188,0.10150218913924497
1,GROUND BEAN(NZAMA),996.8446655273438,20907.04894956734,35,2442.269287109375,0.4081632892772405
1,GROUNDNUT/PEANUTS,2677.63525390625,21396.949275332572,1473,2442.269287109375,1.096371832557191
1,IRISH [MALAWI] POTATO,5495.10595703125,26041.53498911635,107,7113.109375,0.7725321891358166
1,MAIZE,3358.120361328125,23561.567505746767,4649,3052.836669921875,1.1000000079971728
1,MANGO,1932.201286315918,1932.201286315918,2,1567.631591796875,1.2325608238739054
1,NKHWANI,1879.1676025390625,23155.495682439498,186,1602.7392578125,1.1724724364110517
1,ONION,5109.2275390625,30798.38169138055,19,7494.7138671875,0.6817108203998469
1,"OTHER, PERMANENT CROP (SPECIFY)",1290.2508544921875,14483.50139702691,9,897.7661437988281,1.4371792291393286
1,"OTHER, TEMPORARY CROP (SPECIFY)",2442.269287109375,19228.533229206885,43,1623.1322021484375,1.5046644283667698
1,PAPRIKA,12550.55078125,12550.55078125,2,1433.0162963867188,8.758135418903194
1,PEARL MILLET(MCHEWERE),1758.8917236328125,12276.250212304732,68,1113.1102294921875,1.5801595179259444
1,PIGEONPEA(NANDOLO),2930.72314453125,22408.622737838647,649,2442.269287109375,1.2
1,PINEAPPLE,3017.7914123535156,2939.9129180908203,4,1224.1875,2.465138234423661
1,RICE,5431.349609375,59015.84511577212,425,4884.53857421875,1.11194732662004
1,SORGHUM,1904.9700927734375,27722.155989940362,211,1397.6207885742188,1.3630092714324824
1,SOYABEAN,3052.836669921875,13094.193505309895,1280,2900.19482421875,1.0526315833779352
1,SUGAR CANE,2442.269287109375,8272.077476501465,13,2170.90625,1.124999887539766
1,SUNFLOWER,1691.5156860351562,10453.085882681387,54,1980.9323120117188,0.8538987807803247
1,SWEET POTATO,5138.53466796875,22147.977079668683,418,4579.25537109375,1.1221332403528779
1,Sesame,1111.2325439453125,13653.065060296443,63,555.6162719726562,2.0
1,TANAPOSI,3372.1630859375,3372.1630859375,1,3663.40380859375,0.9204999672782327
1,TEA,199.36892700195312,925.1964172363281,5,1068.4927978515625,0.186588929193372
1,THERERE/OKRA,7869.465576171875,55919.90144305759,18,1114.9879150390625,7.057893157430478
1,TOBACCO,3663.40380859375,15838.657145289088,442,3968.687744140625,0.9230768568281552
1,TOMATO,12895.181640625,91114.02082606724,70,3847.7955322265625,3.3513167559511885
1,WHEAT,0.0,0.0,1,0.0,
2,BANANA,3443.599853515625,23486.11484375,5,3443.599853515625,1.0
2,BEANS,2166.7520751953125,23211.393272264217,246,3261.956298828125,0.6642492653791008
2,CABBAGE,4529.642852783203,4529.642852783203,2,8989.87109375,0.5038607123001277
2,CASSAVA,3663.40380859375,27428.05367871933,345,3831.92041015625,0.9560229379723394
2,COCOA,0.0,0.0,1,122.11347198486328,0.0
2,COTTON,1746.2225952148438,3009.363596598307,6,992.1719360351562,1.7599999876966574
2,COW PEAS (KHOBWE),610.5673217773438,5546.850006739299,117,1221.1346435546875,0.5
2,Chickpea,952.4850463867188,805.9489034016927,3,964.6964111328125,0.9873417537318768
2,Cucumber,0.0,4137.204296875,5,186.90838623046875,0.0
2,Eggplant,469.6181945800781,469.6181945800781,2,9692.7568359375,0.04845042566619343
2,FINGER MILLET(MAWERE),4884.53857421875,18474.903243671764,55,2165.478759765625,2.2556391062212104
2,GREEN PEA (NSAWAWA),1589.1846923828125,27031.525983537947,7,869.8141479492188,1.8270393694212386
2,GROUND BEAN(NZAMA),2249.330078125,25423.10078774558,27,2442.269287109375,0.9210000264906356
2,GROUNDNUT/PEANUTS,2249.330078125,12319.72990477207,978,2442.269287109375,0.9210000264906356
2,IRISH [MALAWI] POTATO,11380.9755859375,49262.48771676352,43,7113.109375,1.6000000823743132
2,MAIZE,2442.269287109375,17926.591473482935,3974,3052.836669921875,0.7999999840056543
2,MANGO,0.0,0.0,1,1567.631591796875,0.0
2,NKHWANI,1831.701904296875,15559.728766390346,187,1602.7392578125,1.1428570775740996
2,ONION,8547.942626953125,8547.942626953125,2,7494.7138671875,1.1405295490167744
2,ORANGE,10990.2119140625,10990.2119140625,1,10990.2119140625,1.0
2,"OTHER, PERMANENT CROP (SPECIFY)",778.784912109375,1610.5272216796875,4,897.7661437988281,0.8674696829332489
2,"OTHER, TEMPORARY CROP (SPECIFY)",1378.836669921875,9767.978661408295,37,1623.1322021484375,0.8494912910339626
2,PEARL MILLET(MCHEWERE),889.376953125,2872.8559296171543,59,1113.1102294921875,0.7990016887462646
2,PIGEONPEA(NANDOLO),2262.0374755859375,21893.83100989401,744,2442.269287109375,0.926203137191003
2,PINEAPPLE,2312.3543701171875,3700.2081909179688,4,1224.1875,1.8888890550811763
2,RICE,3256.359375,51145.93615449667,407,4884.53857421875,0.666666733309775
2,SORGHUM,1269.9801025390625,10574.571799577383,271,1397.6207885742188,0.9086728767354922
2,SOYABEAN,2442.269287109375,11403.658881243395,686,2900.19482421875,0.8421052498661946
2,SUGAR CANE,4335.3896484375,6953.902647018433,8,2170.90625,1.997041396162317
2,SUNFLOWER,1782.0425415039062,5030.64294535319,30,1980.9323120117188,0.8995978967570922
2,SWEET POTATO,4569.07080078125,27214.49284223186,216,4579.25537109375,0.9977759330967236
2,Sesame,564.4356079101562,2033.144117143419,45,555.6162719726562,1.0158730699268181
2,TEA,616.7976379394531,2907.80087890625,10,1068.4927978515625,0.577259518435369
2,THERERE/OKRA,941.0498657226562,970.7066128070538,13,1114.9879150390625,0.8440000586819701
2,TOBACCO,3701.39501953125,45380.09073964644,75,3968.687744140625,0.9326495955737495
2,TOMATO,2151.31884765625,7674.234360914964,26,3847.7955322265625,0.5591042532375335
2,WHEAT,7632.091796875,17004.300976562514,4,0.0,inf
3,BANANA,64.32937622070312,3810.8266067504883,12,3443.599853515625,0.01868085113170982
3,BEANS,2907.826904296875,27936.594932593445,179,3261.956298828125,0.8914364994226094
3,CABBAGE,64842.2578125,64842.2578125,1,8989.87109375,7.2128128575258526
3,CASSAVA,3067.856689453125,17840.252550182864,241,3831.92041015625,0.8006055348440889
3,COFFEE,4731.896484375,3500.5860595703125,3,5220.3505859375,0.9064327014974263
3,COTTON,152.64183044433594,906.1836681365967,16,992.1719360351562,0.15384614793108528
3,COW PEAS (KHOBWE),976.9077758789062,12189.197005589804,57,1221.1346435546875,0.8000000499823312
3,FINGER MILLET(MAWERE),1526.4183349609375,16990.593289311742,45,2165.478759765625,0.704887234786891
3,GREEN PEA (NSAWAWA),1796.3135986328125,5163.769430977957,7,869.8141479492188,2.065169442079119
3,GROUND BEAN(NZAMA),1541.8096313476562,7013.574960430463,24,2442.269287109375,0.6313020597218884
3,GROUNDNUT/PEANUTS,1999.2689208984375,13127.97082132101,696,2442.269287109375,0.8186111709510688
3,IRISH [MALAWI] POTATO,12803.5966796875,102135.98446345403,39,7113.109375,1.7999999725418956
3,MAIZE,2483.7879638671875,23002.350464768853,2464,3052.836669921875,0.8136000161223005
3,MANGO,814.08984375,814.08984375,1,1567.631591796875,0.5193119659044771
3,NKHWANI,915.8509521484375,7638.89409084881,51,1602.7392578125,0.5714285387870498
3,ONION,8722.390625,6709.367422485351,5,7494.7138671875,1.1638056875242928
3,"OTHER, PERMANENT CROP (SPECIFY)",0.0,0.0,1,897.7661437988281,0.0
3,"OTHER, TEMPORARY CROP (SPECIFY)",0.0,3118.2356408926157,13,1623.1322021484375,0.0
3,PEARL MILLET(MCHEWERE),784.7825317382812,1685.0481612261603,34,1113.1102294921875,0.7050357735875873
3,PIGEONPEA(NANDOLO),3154.59814453125,29216.506412002786,332,2442.269287109375,1.291666795787689
3,PINEAPPLE,0.0,0.0,1,1224.1875,0.0
3,RICE,3728.97900390625,35658.813262238094,223,4884.53857421875,0.7634250292521594
3,SORGHUM,1714.4730224609375,26028.686947844435,147,1397.6207885742188,1.2267083006184782
3,SOYABEAN,1831.701904296875,11215.05212474323,473,2900.19482421875,0.6315789163544542
3,SUGAR CANE,3272.97314453125,23677.302897135418,6,2170.90625,1.5076529189278671
3,SUNFLOWER,1755.6253662109375,20975.069931884762,25,1980.9323120117188,0.8862621683564883
3,SWEET POTATO,4419.89697265625,25939.03823847688,173,4579.25537109375,0.9651999319707218
3,Sesame,0.0,7221.459050768897,42,555.6162719726562,0.0
3,TEA,2747.552947998047,3137.5790265401206,6,1068.4927978515625,2.571428608150285
3,THERERE/OKRA,584.0995635986328,584.0995635986328,2,1114.9879150390625,0.523861788742499
3,TOBACCO,2346.03466796875,20433.87829137949,130,3968.687744140625,0.5911361183384705
3,TOMATO,3353.72412109375,75754.82342843448,17,3847.7955322265625,0.8715962407579091
3,WHEAT,339.2041015625,339.2041015625,2,0.0,inf
4,BEANS,1526.41845703125,15206.833221435547,19,3261.956298828125,0.46794571024131254
4,CASSAVA,4884.53857421875,12205.455078125,22,3831.92041015625,1.2746972931046807
4,COTTON,0.0,0.0,1,992.1719360351562,0.0
4,COW PEAS (KHOBWE),3052.8369140625,4571.033833821614,9,1221.1346435546875,2.5000002499116563
4,FINGER MILLET(MAWERE),1373.7764282226562,1373.7764282226562,2,2165.478759765625,0.6343984774855715
4,GROUND BEAN(NZAMA),13310.367797851562,13310.367797851562,2,2442.269287109375,5.450000074973497
4,GROUNDNUT/PEANUTS,2467.0830078125,25105.59772553736,49,2442.269287109375,1.01016010840168
4,IRISH [MALAWI] POTATO,7326.8076171875,12748.646286010742,3,7113.109375,1.0300428730842481
4,MAIZE,3663.40380859375,16879.00478716703,343,3052.836669921875,1.1999999360226172
4,NKHWANI,1533.8795166015625,3136.809129987444,14,1602.7392578125,0.9570362172915632
4,PEARL MILLET(MCHEWERE),477.0057373046875,477.0057373046875,2,1113.1102294921875,0.42853414214179175
4,PIGEONPEA(NANDOLO),2564.99365234375,20043.319646728436,45,2442.269287109375,1.05025013657672
4,RICE,2594.911376953125,15026.689490276834,23,4884.53857421875,0.531250053106227
4,SORGHUM,152.64183044433594,5199.175676981608,12,1397.6207885742188,0.10921548369357995
4,SOYABEAN,2727.4268798828125,6940.254854152077,38,2900.19482421875,0.9404288488162248
4,SWEET POTATO,3291.2579345703125,5102.219496925672,12,4579.25537109375,0.7187321229879782
4,Sesame,3174.9501953125,3174.9501953125,1,555.6162719726562,5.714285839830029
4,TEA,71.14806365966797,71.14806365966797,1,1068.4927978515625,0.06658731233633643
4,TOBACCO,1526.4183349609375,1999.6079833984375,5,3968.687744140625,0.38461537751730235
4,TOMATO,1632.6461181640625,1632.6461181640625,2,3847.7955322265625,0.4243068802617266
4,WHEAT,0.0,0.0,1,0.0,
5,AVOCADO,934.5418701171875,934.5418701171875,2,726.1111259460449,1.2870507512188023
5,BANANA,477.0057373046875,5693.651387728178,13,3443.599853515625,0.13851950214764497
5,BEANS,3062.7890625,22175.384975996883,176,3261.956298828125,0.9389423958868863
5,CABBAGE,2289.627685546875,13010.37647705078,5,8989.87109375,0.25468971264100615
5,CASSAVA,3815.503173828125,26704.983292925604,258,3831.92041015625,0.9957156635391977
5,COTTON,274.7553024291992,1686.4379081726074,8,992.1719360351562,0.27692307396554267
5,COW PEAS (KHOBWE),366.34039306640625,4488.684790420532,75,1221.1346435546875,0.3
5,Cucumber,31749.501953125,31749.501953125,2,186.90838623046875,169.86665282089615
5,FINGER MILLET(MAWERE),3663.40380859375,5169.406352539063,25,2165.478759765625,1.6917292732948574
5,GREEN PEA (NSAWAWA),820.7062911987305,868.278621673584,4,869.8141479492188,0.9435421269402539
5,GROUND BEAN(NZAMA),1312.7197265625,4843.205654259884,33,2442.269287109375,0.5374999937522086
5,GROUNDNUT/PEANUTS,1831.701904296875,24130.12130494895,681,2442.269287109375,0.7499999750088344
5,IRISH [MALAWI] POTATO,6030.37060546875,26935.05098639594,18,7113.109375,0.8477826345062703
5,MAIZE,2442.269287109375,21011.198303625006,2407,3052.836669921875,0.7999999840056543
5,NKHWANI,1526.4183349609375,24032.5849486436,101,1602.7392578125,0.9523809487541166
5,ONION,3149.306396484375,3149.306396484375,1,7494.7138671875,0.42020368653062373
5,"OTHER, PERMANENT CROP (SPECIFY)",610.5673217773438,610.5673217773438,2,897.7661437988281,0.6800961764873147
5,"OTHER, TEMPORARY CROP (SPECIFY)",152.64183044433594,4499.574890136719,11,1623.1322021484375,0.09404152677292311
5,PEARL MILLET(MCHEWERE),396.8687744140625,3833.731165675794,59,1113.1102294921875,0.35654040713929847
5,PIGEONPEA(NANDOLO),1703.48291015625,15230.600874677202,397,2442.269287109375,0.6975000337380736
5,RICE,3960.384033203125,28867.307259347042,240,4884.53857421875,0.8108000321886213
5,SORGHUM,934.3053894042969,11533.066542619954,142,1397.6207885742188,0.6684970608926242
5,SOYABEAN,1899.54296875,17318.389644330273,445,2900.19482421875,0.6549708153698591
5,SUGAR CANE,2271.6157836914062,2646.9620666503906,4,2170.90625,1.0463905494267227
5,SUNFLOWER,1786.5201416015625,3441.209744660751,23,1980.9323120117188,0.9018582466289711
5,SWEET POTATO,2224.9345703125,13346.849837493897,120,4579.25537109375,0.4858725687930081
5,Sesame,793.737548828125,2481.719049181257,21,555.6162719726562,1.4285714599575072
5,TANAPOSI,0.0,0.0,1,3663.40380859375,0.0
5,TEA,2671.232177734375,16520.57021658761,7,1068.4927978515625,2.5000001713679953
5,THERERE/OKRA,0.0,8518.851643880209,6,1114.9879150390625,0.0
5,TOBACCO,3784.1971435546875,9868.286724567413,32,3968.687744140625,0.9535134501679252
5,TOMATO,0.0,2180.234171549479,6,3847.7955322265625,0.0
5,WHEAT,1114.9879150390625,772.8257242838541,3,0.0,inf
6,AVOCADO,3137.079345703125,6372.176242457799,7,726.1111259460449,4.320384626548515
6,BANANA,1530.4888916015625,12066.384314643012,27,3443.599853515625,0.44444446413803346
6,BEANS,4267.4307861328125,41313.82674437795,358,3261.956298828125,1.3082427829170824
6,CABBAGE,5953.031494140625,64561.553003183995,78,8989.87109375,0.6621931985520162
6,CASSAVA,8478.3994140625,31382.95566740903,220,3831.92041015625,2.2125718977855247
6,COFFEE,22896.275390625,22896.275390625,1,5220.3505859375,4.38596508293957
6,COTTON,1422.3778076171875,6030.309589385986,5,992.1719360351562,1.4336001210648912
6,COW PEAS (KHOBWE),1953.8155517578125,22046.29755613777,89,1221.1346435546875,1.6000000999646624
6,Cucumber,4917.75390625,4917.75390625,1,186.90838623046875,26.31103935692927
6,Eggplant,5495.10595703125,6350.17201585036,13,9692.7568359375,0.5669291049020476
6,FINGER MILLET(MAWERE),6868.88330078125,39289.21705561717,37,2165.478759765625,3.171992922952837
6,FUEL WOOD TREES,0.0,0.0,1,15927.56666015625,0.0
6,GREEN PEA (NSAWAWA),84.801025390625,16598.917760331024,19,869.8141479492188,0.09749326978707161
6,GROUND BEAN(NZAMA),6784.08203125,67354.58411597964,37,2442.269287109375,2.7777780554573956
6,GROUNDNUT/PEANUTS,3663.40380859375,32963.9470708464,483,2442.269287109375,1.4999999500176688
6,GUAVA,27216.1824609375,27216.1824609375,2,27216.1824609375,1.0
6,IRISH [MALAWI] POTATO,9781.2880859375,35475.05936136696,55,7113.109375,1.3751072238977768
6,MAIZE,4884.53857421875,44014.26266988413,1944,3052.836669921875,1.5999999680113086
6,MANGO,33181.375,32296.35533874511,8,1567.631591796875,21.16656437241503
6,NKHWANI,1288.9755249023438,18968.943430295065,126,1602.7392578125,0.8042328274042548
6,ONION,11103.16748046875,46285.50679498804,22,7494.7138671875,1.4814664945488272
6,"OTHER, PERMANENT CROP (SPECIFY)",571.2347030639648,18792.671993573516,12,897.7661437988281,0.6362845235473341
6,"OTHER, TEMPORARY CROP (SPECIFY)",277.6385498046875,43068.996370063105,68,1623.1322021484375,0.17105110072808297
6,PAPRIKA,22604.56201171875,22604.56201171875,2,1433.0162963867188,15.774113712952923
6,PEARL MILLET(MCHEWERE),1831.701904296875,8069.578730879159,29,1113.1102294921875,1.645570991771872
6,PIGEONPEA(NANDOLO),2442.269287109375,27352.40751324822,530,2442.269287109375,1.0
6,RICE,5105.564453125,44251.16442189491,351,4884.53857421875,1.0452501040882047
6,SORGHUM,2442.269287109375,16074.371083577475,141,1397.6207885742188,1.7474477390972791
6,SOYABEAN,4070.448974609375,29822.179532390786,379,2900.19482421875,1.4035088058975025
6,SUGAR CANE,2696.6724853515625,47626.90215487163,60,2170.90625,1.242187443769883
6,SUNFLOWER,1068.4927978515625,8116.238215870328,45,1980.9323120117188,0.53938884805532
6,SWEET POTATO,8547.9423828125,50450.715313674664,232,4579.25537109375,1.8666664534087414
6,Sesame,789.81884765625,2815.9719393803525,26,555.6162719726562,1.4215185686554543
6,TANAPOSI,3663.40380859375,103544.58672383588,27,3663.40380859375,1.0
6,TEA,2170.90625,8724.872381036932,11,1068.4927978515625,2.031746263863528
6,THERERE/OKRA,4542.62109375,20838.53808124249,13,1114.9879150390625,4.074143793379908
6,TOBACCO,4273.97119140625,22005.79729596145,139,3968.687744140625,1.0769230201384188
6,TOMATO,3601.8358154296875,41244.774017524716,290,3847.7955322265625,0.9360777580989216
6,WHEAT,3816.0458984375,3816.0458984375,2,0.0,inf
6,Yams,1277.306884765625,1277.306884765625,1,1277.306884765625,1.0
7,BANANA,15871.6357421875,36032.32829708523,36,3443.599853515625,4.609024398111732
7,BEANS,33840.22265625,174455.31822737312,343,3261.956298828125,10.374210920117868
7,CABBAGE,50453.13671875,126348.07675633286,33,8989.87109375,5.612220263517057
7,CASSAVA,14165.162109375,68837.72384129469,376,3831.92041015625,3.6966222137159166
7,COFFEE,1068.4927978515625,1068.4927978515625,1,5220.3505859375,0.20467836024841932
7,COTTON,0.0,1959.24267578125,9,992.1719360351562,0.0
7,COW PEAS (KHOBWE),9174.77587890625,61529.36038882234,172,1221.1346435546875,7.513320441224027
7,Cucumber,457.92547607421875,30830.28451542892,19,186.90838623046875,2.4499996244661295
7,Eggplant,58885.83203125,247907.7685801188,24,9692.7568359375,6.075240824459872
7,FINGER MILLET(MAWERE),7326.8076171875,54894.814242455264,31,2165.478759765625,3.383458546589715
7,FUEL WOOD TREES,31855.1333203125,31855.1333203125,1,15927.56666015625,2.0
7,GREEN PEA (NSAWAWA),45271.2431640625,45271.2431640625,2,869.8141479492188,52.04703012798719
7,GROUND BEAN(NZAMA),445.9951477050781,21510.48147902378,43,2442.269287109375,0.1826150580769698
7,GROUNDNUT/PEANUTS,11933.904296875,102029.21295361109,569,2442.269287109375,4.8863998576503205
7,IRISH [MALAWI] POTATO,2289.627685546875,19447.79279105271,79,7113.109375,0.3218884407421157
7,MAIZE,33840.22265625,150599.33753947273,1401,3052.836669921875,11.084845445438129
7,NKHWANI,2684.5882568359375,34157.96261275465,330,1602.7392578125,1.675
7,ONION,23811.291015625,82107.36522393477,19,7494.7138671875,3.1770780629628668
7,"OTHER, PERMANENT CROP (SPECIFY)",965.8504028320312,7133.112050374349,18,897.7661437988281,1.0758374098906311
7,"OTHER, TEMPORARY CROP (SPECIFY)",3663.40380859375,44510.41108166088,88,1623.1322021484375,2.256996567343519
7,PEARL MILLET(MCHEWERE),7326.8076171875,27674.36939990136,93,1113.1102294921875,6.582283967087488
7,PIGEONPEA(NANDOLO),9497.71484375,57159.570999650816,755,2442.269287109375,3.888889277640354
7,RICE,29307.232421875,107687.2364816049,287,4884.53857421875,6.000000199929325
7,SORGHUM,6594.126953125,59826.282538767344,271,1397.6207885742188,4.718108808221142
7,SOYABEAN,16241.091796875,101809.15073594297,407,2900.19482421875,5.600000269378454
7,SUGAR CANE,2833.77734375,28938.111428291566,31,2170.90625,1.305343030704343
7,SUNFLOWER,3052.836669921875,20221.996120942527,67,1980.9323120117188,1.5411110472631915
7,SWEET POTATO,12711.44921875,88396.52960925832,203,4579.25537109375,2.7758769032603405
7,Sesame,1221.1346435546875,7073.5286051432295,3,555.6162719726562,2.1978021615874916
7,TANAPOSI,8057.54638671875,12012.864827473959,3,3663.40380859375,2.199469894041453
7,THERERE/OKRA,2442.269287109375,44331.33124421772,19,1114.9879150390625,2.190399782964296
7,TOBACCO,56935.41015625,163171.3463069572,201,3968.687744140625,14.346155159299066
7,TOMATO,9280.623046875,114626.05479671645,69,3847.7955322265625,2.4119324868347882
7,WHEAT,474.8857421875,3414.654296875,3,0.0,inf
8,BANANA,1713.4046630859375,4824.878925323486,6,3443.599853515625,0.4975620675952509
8,BEANS,2384.6317138671875,26157.982380102152,274,3261.956298828125,0.7310434277503592
8,CABBAGE,0.0,3746.8483072916665,3,8989.87109375,0.0
8,CASSAVA,3557.593017578125,15102.842079275348,203,3831.92041015625,0.9284099450888806
8,COCOA,79519.4478125,79519.4478125,1,122.11347198486328,651.1930790269965
8,COCONUT,0.0,0.0,1,0.0,
8,COFFEE,7627.763916015625,8936.517150878906,6,5220.3505859375,1.4611593207098348
8,COTTON,1481.6435546875,10150.705306820322,9,992.1719360351562,1.4933334645689877
8,COW PEAS (KHOBWE),1137.9448852539062,9053.350563980128,146,1221.1346435546875,0.9318750321761258
8,Cucumber,0.0,2580.5603778545674,13,186.90838623046875,0.0
8,Eggplant,6183.826171875,6183.826171875,1,9692.7568359375,0.6379842470562597
8,FINGER MILLET(MAWERE),1371.2325439453125,16899.541270536545,34,2165.478759765625,0.6332237329789022
8,GREEN PEA (NSAWAWA),7.108530044555664,18559.05183982849,10,869.8141479492188,0.008172470017089987
8,GROUND BEAN(NZAMA),1755.381103515625,27703.880397831595,26,2442.269287109375,0.7187500218672699
8,GROUNDNUT/PEANUTS,2500.273193359375,17777.139093321322,865,2442.269287109375,1.023750004373454
8,IRISH [MALAWI] POTATO,8412.26171875,23362.663716809504,29,7113.109375,1.182641974874736
8,MAIZE,3278.502685546875,22507.617759312554,2699,3052.836669921875,1.0739201077635034
8,NKHWANI,728.250244140625,17359.849426657467,118,1602.7392578125,0.4543784901947045
8,ONION,8539.39453125,13019.737630208334,3,7494.7138671875,1.1393889990432058
8,"OTHER, PERMANENT CROP (SPECIFY)",1504.1021423339844,1504.1021423339844,2,897.7661437988281,1.6753830078393157
8,"OTHER, TEMPORARY CROP (SPECIFY)",3170.0657958984375,43588.43527857462,12,1623.1322021484375,1.953054588962268
8,PAPRIKA,0.0,0.0,1,1433.0162963867188,0.0
8,PEARL MILLET(MCHEWERE),1694.324462890625,7459.688287058184,31,1113.1102294921875,1.5221533483378313
8,PIGEONPEA(NANDOLO),2521.981201171875,27184.745092364916,522,2442.269287109375,1.0326384623035756
8,PINEAPPLE,16621.001953125,16621.001953125,1,1224.1875,13.577170125593506
8,RICE,3498.415283203125,34882.015120105556,202,4884.53857421875,0.7162222654291708
8,SORGHUM,2442.269287109375,25591.727789753368,181,1397.6207885742188,1.7474477390972791
8,SOYABEAN,2730.5928955078125,14124.995566772692,594,2900.19482421875,0.9415205050037889
8,SUGAR CANE,1057.4163818359375,19926.048109266492,9,2170.90625,0.48708523541075877
8,SUNFLOWER,3663.40380859375,19397.331129186292,17,1980.9323120117188,1.8493331581195784
8,SWEET POTATO,3816.0457763671875,31144.352381407964,188,4579.25537109375,0.8333332533616113
8,Sesame,103.38431549072266,1938.2236285739475,18,555.6162719726562,0.18607143222006023
8,TEA,3052.8369140625,62237.164642333984,3,1068.4927978515625,2.8571431835580863
8,THERERE/OKRA,559.2796630859375,17534.91015294393,15,1114.9879150390625,0.5016015470143851
8,TOBACCO,2855.5556640625,15467.743166097005,90,3968.687744140625,0.7195213753660629
8,TOMATO,1953.8155517578125,17348.780060617548,19,3847.7955322265625,0.5077753054687963
8,WHEAT,0.0,2930.723046875,10,0.0,
9,BANANA,3252.492431640625,10054.466890456828,47,3443.599853515625,0.9445035921697187
9,BEANS,2363.083251953125,17314.645386253702,590,3261.956298828125,0.724437434309612
9,CABBAGE,2423.6307373046875,33563.74344444275,4,8989.87109375,0.26959571633787505
9,CASSAVA,1903.782958984375,14756.555631351663,476,3831.92041015625,0.49682215578865496
9,COCOA,122.11347198486328,11635.154591151646,7,122.11347198486328,1.0
9,COFFEE,8762.156982421875,22157.931117466516,14,5220.3505859375,1.6784614056429923
9,COTTON,1587.4751586914062,6199.959099955554,32,992.1719360351562,1.600000061516713
9,COW PEAS (KHOBWE),542.7265625,6282.6962266190685,193,1221.1346435546875,0.44444448887318333
9,Chillies,3816.045654296875,3816.045654296875,1,49954.605678710934,0.0763902667722018
9,Cucumber,308.5959777832031,9148.264271129261,11,186.90838623046875,1.6510547440214192
9,Eggplant,352.77227783203125,1135.2029825846355,3,9692.7568359375,0.03639545320316606
9,FINGER MILLET(MAWERE),732.6807861328125,5031.947984126577,57,2165.478759765625,0.3383458659331816
9,GREEN PEA (NSAWAWA),168.74554061889648,1546.0567888259889,10,869.8141479492188,0.1940018347790178
9,GROUND BEAN(NZAMA),2136.985595703125,7373.557026572849,69,2442.269287109375,0.8749999875044172
9,GROUNDNUT/PEANUTS,1597.479736328125,13743.09595455802,1358,2442.269287109375,0.6540964768954175
9,IRISH [MALAWI] POTATO,3295.2320556640625,30730.12641434383,80,7113.109375,0.4632618285395144
9,MAIZE,1831.701904296875,12537.38230065892,3089,3052.836669921875,0.5999999680113086
9,MANGO,1608.8448486328125,1608.8448486328125,1,1567.631591796875,1.0262901417983656
9,NKHWANI,1372.6571044921875,17012.07103158282,308,1602.7392578125,0.856444426503697
9,ONION,7494.7138671875,8531.470611572266,7,7494.7138671875,1.0
9,"OTHER, PERMANENT CROP (SPECIFY)",1215.1099243164062,6918.5889004298615,14,897.7661437988281,1.3534815638900821
9,"OTHER, TEMPORARY CROP (SPECIFY)",634.9900512695312,6313.547693824768,45,1623.1322021484375,0.39121277393735093
9,PAPRIKA,2532.9385986328125,14166.770068359376,10,1433.0162963867188,1.767557427657658
9,PEARL MILLET(MCHEWERE),381.6045837402344,2968.572143868555,79,1113.1102294921875,0.3428273082301349
9,PIGEONPEA(NANDOLO),1017.6122436523438,8941.464184398103,695,2442.269287109375,0.4166666833274437
9,PINEAPPLE,4204.169921875,4204.169921875,2,1224.1875,3.434253267473324
9,RICE,1864.8558349609375,28368.91554970189,354,4884.53857421875,0.3817875131141142
9,SORGHUM,488.4538879394531,3918.9509100577643,241,1397.6207885742188,0.34948956965483374
9,SOYABEAN,2602.543212890625,14010.979263667236,1088,2900.19482421875,0.8973684082039882
9,SUGAR CANE,1841.6236572265625,20440.806990403395,39,2170.90625,0.8483202152218975
9,SUNFLOWER,2489.9423828125,7986.969196499802,127,1980.9323120117188,1.2569548024000177
9,SWEET POTATO,1850.392822265625,14792.653718611258,474,4579.25537109375,0.40408159674739014
9,Sesame,473.18968200683594,5878.419886762021,102,555.6162719726562,0.8516483513465625
9,TANAPOSI,13432.4814453125,13432.4814453125,1,3663.40380859375,3.6666668888103686
9,TEA,915.8509521484375,890.4106826782227,3,1068.4927978515625,0.8571428408220957
9,THERERE/OKRA,152.64183044433594,9354.381847713305,23,1114.9879150390625,0.1368999864352685
9,TOBACCO,2700.0645751953125,11160.036417833133,444,3968.687744140625,0.6803419037392626
9,TOMATO,1750.2930297851562,10332.340839573315,56,3847.7955322265625,0.45488202663729715
9,WHEAT,0.0,174.44782366071428,7,0.0,
9,Yams,43.63182067871094,43.63182067871094,1,1277.306884765625,0.034159230799665666
10,BANANA,3419.177001953125,30527.297526411596,11,3443.599853515625,0.9929077556622712
10,BEANS,3052.8369140625,42688.82706848921,452,3261.956298828125,0.9358914204826251
10,CABBAGE,2147.7340087890625,80784.08109537761,6,8989.87109375,0.23890598501264662
10,CASSAVA,3313.4632568359375,24941.295970733925,432,3831.92041015625,0.8647004379458988
10,COFFEE,12023.291015625,12023.291015625,1,5220.3505859375,2.3031577702871444
10,COTTON,2482.637451171875,3347.1722412109375,28,992.1719360351562,2.502225028751374
10,COW PEAS (KHOBWE),1465.361572265625,10963.668087835142,169,1221.1346435546875,1.2
10,Chickpea,46044.40721435548,46044.40721435548,2,964.6964111328125,47.729427292350955
10,Cucumber,3583.6639404296875,5622.517028808594,12,186.90838623046875,19.173371579008897
10,Eggplant,488.4538879394531,685.5287577311198,6,9692.7568359375,0.05039370080227634
10,FINGER MILLET(MAWERE),2019.960205078125,13779.354850603186,46,2165.478759765625,0.9328007471644516
10,GREEN PEA (NSAWAWA),3358.120361328125,20391.764982737026,13,869.8141479492188,3.8607332028866677
10,GROUND BEAN(NZAMA),5342.4638671875,8914.885637225527,33,2442.269287109375,2.1874999187787116
10,GROUNDNUT/PEANUTS,2442.269287109375,16636.44679590727,1389,2442.269287109375,1.0
10,IRISH [MALAWI] POTATO,8547.9423828125,29069.691182572646,111,7113.109375,1.2017167081467097
10,MAIZE,3419.177001953125,20934.349570863462,5963,3052.836669921875,1.1199999776079161
10,NKHWANI,1850.5048828125,16905.529367531835,160,1602.7392578125,1.1545888539213565
10,ONION,10799.71533203125,38170.42222595215,16,7494.7138671875,1.4409776708505617
10,"OTHER, PERMANENT CROP (SPECIFY)",341.71419525146484,341.71419525146484,2,897.7661437988281,0.3806271795966014
10,"OTHER, TEMPORARY CROP (SPECIFY)",7673.24755859375,116388.20859103733,18,1623.1322021484375,4.727432274732247
10,PAPRIKA,610.5673217773438,3404.8154907226562,7,1433.0162963867188,0.42607144337217917
10,PEARL MILLET(MCHEWERE),1445.8233642578125,6013.470276320276,121,1113.1102294921875,1.298904031200407
10,PIGEONPEA(NANDOLO),2544.031005859375,18780.857846087685,737,2442.269287109375,1.041666870761186
10,PINEAPPLE,0.0,21882.298102678575,7,1224.1875,0.0
10,RICE,7342.487060546875,47756.70029460808,544,4884.53857421875,1.5032099652772746
10,SORGHUM,915.8509521484375,7194.762496097752,305,1397.6207885742188,0.6552928803261018
10,SOYABEAN,2900.19482421875,17890.692594909822,1232,2900.19482421875,1.0
10,SUGAR CANE,1272.0155029296875,7673.025790744357,9,2170.90625,0.585937556230117
10,SUNFLOWER,1831.701904296875,17042.948482108113,64,1980.9323120117188,0.9246665790597892
10,SWEET POTATO,5999.434814453125,26909.835585639226,398,4579.25537109375,1.3101332702089874
10,Sesame,311.38934326171875,5878.166152437212,80,555.6162719726562,0.5604395676825017
10,TANAPOSI,3256.359375,43572.77982439314,7,3663.40380859375,0.8888890073655299
10,TEA,335.8120422363281,4394.389414469401,6,1068.4927978515625,0.31428573305458996
10,THERERE/OKRA,5558.6435546875,223184.37897198016,13,1114.9879150390625,4.985384576560866
10,TOBACCO,4379.681640625,23974.00062613057,302,3968.687744140625,1.1035591417065167
10,TOMATO,3498.20751953125,17326.491640159064,56,3847.7955322265625,0.9091458967173809
10,WHEAT,0.0,0.0,3,0.0,
10,Yams,252232.6040625,252232.6040625,1,1277.306884765625,197.4722027030979
